{"accuracy": 0.9906051999126065, "recall": 0.9995759717314487, "precision": 0.9883997204751922, "f1": 0.9939564300773015}